<application>
  <component name="FileTypeManager" version="18">
    <extensionMap>
      <mapping pattern="todo" type="AUTO_DETECTED" />
      <mapping pattern="*.json.dist" type="JSON" />
      <mapping pattern="*.php.dist" type="PHP" />
      <mapping pattern="console" type="PHP" />
      <mapping pattern=".todo" type="PLAIN_TEXT" />
      <mapping pattern=".gitkeep" type="PLAIN_TEXT" />
      <mapping ext="data" type="PLAIN_TEXT" />
      <mapping ext="prod" type="PLAIN_TEXT" />
      <mapping pattern="*.conf.dist" type="SmartyConfig" />
      <mapping ext="dist" type="XML" />
      <mapping pattern="*.yaml.dist" type="YAML" />
      <mapping pattern="*.yml.dist" type="YAML" />
      <mapping pattern="docker-compose" type="YAML" />
      <mapping ext="neon" type="YAML" />
      <removed_mapping pattern="console" approved="true" type="PLAIN_TEXT" />
    </extensionMap>
  </component>
</application>