{
  "name": "#[[$vendor_name$]]#/#[[$package_name$]]#",
  "description": "#[[$description$]]#",
  "minimum-stability": "#[[$stability$]]#",
  "license": "#[[$license$]]#",
  "authors": [
    {
      "name": "#[[$author$]]#"
    }
  ],
  "autoload": {
    "psr-4": {
      "": "src"
    }
  },
  "autoload-dev": {
    "psr-4": {
      "": "tests"
    }
  }
  "require": {
    "php": "^7.4"
  },
  "require-dev": {
    "phpunit/phpunit": "^8.0"
  }
  "config": {
    "bin-dir": "bin",
    "sort-packages": true,
  }
}